profile_num,P99_L
1,1697.0199999999995
2,1199.0199999999995
3,1599.0099999999998
4,1789.0
5,1516.0699999999983
6,1120.0699999999983
7,1689.0099999999998
8,1849.01
